{
  "grounding_score": 0.8174999999999999,
  "faithfulness_score": 0.826502557544757,
  "completed_at": "2026-03-23T17:46:38.013348+00:00",
  "sample_count": 5
}