{
  "grounding_score": 0.8415000000000001,
  "faithfulness_score": 0.825,
  "completed_at": "2026-04-06T11:49:39.827038+00:00",
  "sample_count": 5
}